{"TestSuite":"","Date":0,"Player":{"Development":false,"ScreenWidth":0,"ScreenHeight":0,"ScreenRefreshRate":0,"Fullscreen":false,"Vsync":0,"AntiAliasing":0,"Batchmode":false,"RenderThreadingMode":"GraphicsJobs","GpuSkinning":true,"Platform":"","ColorSpace":"","AnisotropicFiltering":"","BlendWeights":"","GraphicsApi":"","ScriptingBackend":"Mono2x","AndroidTargetSdkVersion":"AndroidApiLevelAuto","AndroidBuildSystem":"Gradle","BuildTarget":"StandaloneLinux64","StereoRenderingPath":"MultiPass"},"Hardware":{"OperatingSystem":"","DeviceModel":"","DeviceName":"","ProcessorType":"","ProcessorCount":0,"GraphicsDeviceName":"","SystemMemorySizeMB":0},"Editor":{"Version":"2022.3.2f1","Branch":"2022.3/staging","Changeset":"d74737c6db50","Date":1686049598},"Dependencies":["com.unity.collab-proxy@2.0.4","com.unity.feature.development@1.0.1","com.unity.multiplayer.tools@1.1.1","com.unity.netcode.gameobjects@1.11.0","com.unity.postprocessing@3.2.2","com.unity.services.lobby@1.2.2","com.unity.services.matchmaker@1.1.5","com.unity.services.multiplay@1.2.5","com.unity.textmeshpro@3.0.6","com.unity.timeline@1.7.4","com.unity.toolchain.win-x86_64-linux-x86_64@2.0.9","com.unity.transport@2.3.0","com.unity.ugui@1.0.0","com.unity.visualscripting@1.8.0","com.unity.modules.ai@1.0.0","com.unity.modules.androidjni@1.0.0","com.unity.modules.animation@1.0.0","com.unity.modules.assetbundle@1.0.0","com.unity.modules.audio@1.0.0","com.unity.modules.cloth@1.0.0","com.unity.modules.director@1.0.0","com.unity.modules.imageconversion@1.0.0","com.unity.modules.imgui@1.0.0","com.unity.modules.jsonserialize@1.0.0","com.unity.modules.particlesystem@1.0.0","com.unity.modules.physics@1.0.0","com.unity.modules.physics2d@1.0.0","com.unity.modules.screencapture@1.0.0","com.unity.modules.terrain@1.0.0","com.unity.modules.terrainphysics@1.0.0","com.unity.modules.tilemap@1.0.0","com.unity.modules.ui@1.0.0","com.unity.modules.uielements@1.0.0","com.unity.modules.umbra@1.0.0","com.unity.modules.unityanalytics@1.0.0","com.unity.modules.unitywebrequest@1.0.0","com.unity.modules.unitywebrequestassetbundle@1.0.0","com.unity.modules.unitywebrequestaudio@1.0.0","com.unity.modules.unitywebrequesttexture@1.0.0","com.unity.modules.unitywebrequestwww@1.0.0","com.unity.modules.vehicles@1.0.0","com.unity.modules.video@1.0.0","com.unity.modules.vr@1.0.0","com.unity.modules.wind@1.0.0","com.unity.modules.xr@1.0.0","com.unity.modules.subsystems@1.0.0","com.unity.burst@1.8.12","com.unity.collections@2.2.1","com.unity.mathematics@1.3.1","com.unity.sysroot@2.0.10","com.unity.sysroot.linux-x86_64@2.0.9","com.unity.services.core@1.12.5","com.unity.nuget.newtonsoft-json@3.2.1","com.unity.services.authentication@2.7.4","com.unity.services.wire@1.2.6","com.unity.nuget.mono-cecil@1.11.4","com.unity.profiling.core@1.0.2","com.unity.ide.visualstudio@2.0.18","com.unity.ide.rider@3.0.21","com.unity.ide.vscode@1.2.5","com.unity.editorcoroutines@1.0.0","com.unity.performance.profile-analyzer@1.2.2","com.unity.test-framework@1.1.33","com.unity.testtools.codecoverage@1.2.4","com.unity.test-framework.performance@3.0.2","com.unity.settings-manager@2.0.1","com.unity.ext.nunit@1.0.6"],"Results":[]}